actuated_joint_pos	actuated_joint_vel	actuated_joint_torque	unactuated_joint_pos	unactuated_joint_vel	unactuated_joint_torque
0.00032	0.02	20	0.00032	0.02	20
0.00077	0.03	10	0.000926162	0.04	20
0.00137	0.04	10	0.00182616	0.06	20
0.00212	0.05	10	0.00302616	0.08	20
0.00302	0.06	10	0.00452616	0.1	20
0.00407	0.07	10	0.00632616	0.12	20
0.00527	0.08	10	0.00842616	0.14	20
0.00662	0.09	10	0.0108262	0.16	20
0.00812	0.1	10	0.0135262	0.18	20
0.00977	0.11	10	0.0165262	0.2	20
0.01157	0.12	10	0.0198262	0.22	20
0.01352	0.13	10	0.0234262	0.24	20
0.01562	0.14	10	0.0273262	0.26	20
0.01787	0.15	10	0.0315262	0.28	20
0.02027	0.16	10	0.0360262	0.3	20
0.02282	0.17	10	0.0408262	0.32	20
0.02552	0.18	10	0.0459262	0.34	20
0.02837	0.19	10	0.0513262	0.36	20
0.03137	0.2	10	0.0570262	0.38	20
0.03452	0.21	10	0.0630262	0.4	20
0.03782	0.22	10	0.0693262	0.42	20
0.04127	0.23	10	0.0759262	0.44	20
0.04487	0.24	10	0.0828262	0.46	20
0.04862	0.25	10	0.0900262	0.48	20
0.05252	0.26	10	0.0975262	0.5	20
0.05657	0.27	10	0.105326	0.52	20
0.06077	0.28	10	0.113426	0.54	20
0.06512	0.29	10	0.121826	0.56	20
0.06962	0.3	10	0.130526	0.58	20
0.07427	0.31	10	0.139526	0.6	20
0.07907	0.32	10	0.148826	0.62	20
0.08402	0.33	10	0.158426	0.64	20
0.08912	0.34	10	0.168326	0.66	20
0.09437	0.35	10	0.178526	0.68	20
0.09977	0.36	10	0.189026	0.7	20
0.10532	0.37	10	0.199826	0.72	20
0.11102	0.38	10	0.210926	0.74	20
0.11687	0.39	10	0.222326	0.76	20
0.12287	0.4	10	0.234026	0.78	20
0.12902	0.41	10	0.246026	0.8	20
0.13532	0.42	10	0.258326	0.82	20
0.14177	0.43	10	0.270926	0.84	20
0.14837	0.44	10	0.283826	0.86	20
0.15512	0.45	10	0.297026	0.88	20
0.16202	0.46	10	0.310526	0.9	20
0.16907	0.47	10	0.324326	0.92	20
0.17627	0.48	10	0.338426	0.94	20
0.18362	0.49	10	0.352826	0.96	20
0.19112	0.5	10	0.367526	0.98	20
0.19877	0.51	10	0.382526	1	20
0.20657	0.52	10	0.397826	1.02	20
0.21452	0.53	10	0.413426	1.04	20
0.22262	0.54	10	0.429326	1.06	20
0.23087	0.55	10	0.445526	1.08	20
0.23927	0.56	10	0.462026	1.1	20
0.24782	0.57	10	0.478826	1.12	20
0.25652	0.58	10	0.495926	1.14	20
0.26537	0.59	10	0.513326	1.16	20
0.27437	0.6	10	0.531026	1.18	20
0.28352	0.61	10	0.549026	1.2	20
0.29282	0.62	10	0.567326	1.22	20
0.30227	0.63	10	0.585926	1.24	20
0.31187	0.64	10	0.604826	1.26	20
0.32162	0.65	10	0.624026	1.28	20
0.33152	0.66	10	0.643526	1.3	20
0.34157	0.67	10	0.663326	1.32	20
0.35177	0.68	10	0.683426	1.34	20
0.36212	0.69	10	0.703826	1.36	20
0.37262	0.7	10	0.724526	1.38	20
0.38327	0.71	10	0.745526	1.4	20
0.39407	0.72	10	0.766826	1.42	20
0.40502	0.73	10	0.788426	1.44	20
0.41612	0.74	10	0.810326	1.46	20
0.42737	0.75	10	0.832526	1.48	20
0.43877	0.76	10	0.855026	1.5	20
0.45032	0.77	10	0.877826	1.52	20
0.46202	0.78	10	0.900926	1.54	20
0.47387	0.79	10	0.924326	1.56	20
0.48587	0.8	10	0.948026	1.58	20
0.49802	0.81	10	0.972026	1.6	20
0.51032	0.82	10	0.996326	1.62	20
0.52277	0.83	10	1.02093	1.64	20
0.53537	0.84	10	1.04583	1.66	20
0.54812	0.85	10	1.07103	1.68	20
0.56102	0.86	10	1.09653	1.7	20
0.57407	0.87	10	1.12233	1.72	20
0.58727	0.88	10	1.14843	1.74	20
0.60062	0.89	10	1.17483	1.76	20
0.61412	0.9	10	1.20153	1.78	20
0.62777	0.91	10	1.22853	1.8	20
0.64157	0.92	10	1.25583	1.82	20
0.65552	0.93	10	1.28343	1.84	20
0.66962	0.94	10	1.31133	1.86	20
0.68387	0.95	10	1.33953	1.88	20
0.69827	0.96	10	1.36803	1.9	20
0.71282	0.97	10	1.39683	1.92	20
0.72752	0.98	10	1.42593	1.94	20
0.74237	0.99	10	1.45533	1.96	20
0.75737	1	10	1.48503	1.98	20
0.77252	1.01	10	1.51503	2	20
0.78782	1.02	10	1.54533	2.02	20
0.80327	1.03	10	1.57593	2.04	20
0.81887	1.04	10	1.60683	2.06	20
0.83462	1.05	10	1.63803	2.08	20
0.85052	1.06	10	1.66953	2.1	20
0.86657	1.07	10	1.70133	2.12	20
0.88277	1.08	10	1.73343	2.14	20
0.89912	1.09	10	1.76583	2.16	20
0.91562	1.1	10	1.79853	2.18	20
0.93227	1.11	10	1.83153	2.2	20
0.94907	1.12	10	1.86483	2.22	20
0.96602	1.13	10	1.89843	2.24	20
0.98312	1.14	10	1.93233	2.26	20
1.00037	1.15	10	1.96653	2.28	20
1.01777	1.16	10	2.00103	2.3	20
1.03532	1.17	10	2.03583	2.32	20
1.05302	1.18	10	2.07093	2.34	20
1.07087	1.19	10	2.10633	2.36	20
1.08887	1.2	10	2.14203	2.38	20
1.10702	1.21	10	2.17803	2.4	20
1.12532	1.22	10	2.21433	2.42	20
1.14377	1.23	10	2.25093	2.44	20
1.16237	1.24	10	2.28783	2.46	20
1.18112	1.25	10	2.32503	2.48	20
1.20002	1.26	10	2.36253	2.5	20
1.21907	1.27	10	2.40033	2.52	20
1.23827	1.28	10	2.43843	2.54	20
1.25762	1.29	10	2.47683	2.56	20
1.27712	1.3	10	2.51553	2.58	20
1.29677	1.31	10	2.55453	2.6	20
1.31657	1.32	10	2.59383	2.62	20
1.33652	1.33	10	2.63343	2.64	20
1.35662	1.34	10	2.67333	2.66	20
1.37687	1.35	10	2.71353	2.68	20
1.39727	1.36	10	2.75403	2.7	20
1.41782	1.37	10	2.79483	2.72	20
1.43852	1.38	10	2.83593	2.74	20
1.45937	1.39	10	2.87733	2.76	20
1.48037	1.4	10	2.91903	2.78	20
1.50152	1.41	10	2.96103	2.8	20
1.52282	1.42	10	3.00333	2.82	20
1.54427	1.43	10	3.04593	2.84	20
1.56587	1.44	10	3.08883	2.86	20
1.58762	1.45	10	3.13203	2.88	20
1.60952	1.46	10	3.17553	2.9	20
1.63157	1.47	10	3.21933	2.92	20
1.65377	1.48	10	3.26342	2.94	20
1.67612	1.49	10	3.30782	2.96	20
1.69862	1.5	10	3.35252	2.98	20
1.72127	1.51	10	3.39752	3	20
1.74407	1.52	10	3.44282	3.02	20
1.76702	1.53	10	3.48842	3.04	20
1.79012	1.54	10	3.53432	3.06	20
1.81337	1.55	10	3.58052	3.08	20
1.83677	1.56	10	3.62702	3.1	20
1.86032	1.57	10	3.67382	3.12	20
1.88402	1.58	10	3.72092	3.14	20
1.90787	1.59	10	3.76832	3.16	20
1.93187	1.6	10	3.81602	3.18	20
1.95602	1.61	10	3.86402	3.2	20
1.98032	1.62	10	3.91232	3.22	20
2.00477	1.63	10	3.96092	3.24	20
2.02937	1.64	10	4.00982	3.26	20
2.05412	1.65	10	4.05902	3.28	20
2.07902	1.66	10	4.10852	3.3	20
2.10407	1.67	10	4.15832	3.32	20
2.12927	1.68	10	4.20842	3.34	20
2.15462	1.69	10	4.25882	3.36	20
2.18012	1.7	10	4.30952	3.38	20
2.20577	1.71	10	4.36052	3.4	20
2.23157	1.72	10	4.41182	3.42	20
2.25752	1.73	10	4.46342	3.44	20
2.28362	1.74	10	4.51532	3.46	20
2.30987	1.75	10	4.56752	3.48	20
2.33627	1.76	10	4.62002	3.5	20
2.36282	1.77	10	4.67282	3.52	20
2.38952	1.78	10	4.72592	3.54	20
2.41637	1.79	10	4.77932	3.56	20
2.44337	1.8	10	4.83302	3.58	20
2.47052	1.81	10	4.88702	3.6	20
2.49782	1.82	10	4.94132	3.62	20
2.52527	1.83	10	4.99592	3.64	20
2.55287	1.84	10	5.05082	3.66	20
2.58062	1.85	10	5.10602	3.68	20
2.60852	1.86	10	5.16152	3.7	20
2.63657	1.87	10	5.21732	3.72	20
2.66477	1.88	10	5.27342	3.74	20
2.69312	1.89	10	5.32982	3.76	20
2.72162	1.9	10	5.38652	3.78	20
2.75027	1.91	10	5.44352	3.8	20
2.77907	1.92	10	5.50082	3.82	20
2.80802	1.93	10	5.55842	3.84	20
2.83712	1.94	10	5.61632	3.86	20
2.86637	1.95	10	5.67452	3.88	20
2.89577	1.96	10	5.73302	3.9	20
2.92532	1.97	10	5.79182	3.92	20
2.95502	1.98	10	5.85092	3.94	20
2.98487	1.99	10	5.91032	3.96	20
3.01487	2	10	5.97002	3.98	20
3.04502	2.01	10	6.03002	4	20
3.07532	2.01995	9.95025	6.09032	4.02	20
3.10577	2.02985	9.90123	6.15092	4.04	20
3.13636	2.0397	9.85294	6.21182	4.06	20
3.1671	2.04951	9.80534	6.27302	4.08	20
3.19799	2.05927	9.75843	6.33452	4.1	20
3.22903	2.06898	9.71219	6.39632	4.12	20
3.26021	2.07865	9.6666	6.45842	4.14	20
3.29153	2.08827	9.62164	6.52082	4.16	20
3.323	2.09785	9.57731	6.58352	4.18	20
3.35461	2.10738	9.53359	6.64652	4.2	20
3.38636	2.11687	9.49046	6.70982	4.22	20
3.41826	2.12632	9.44791	6.77342	4.24	20
3.45029	2.13572	9.40593	6.83732	4.26	20
3.48247	2.14509	9.36451	6.90152	4.28	20
3.51479	2.15441	9.32362	6.96602	4.3	20
3.54724	2.1637	9.28328	7.03082	4.32	20
3.57984	2.17294	9.24345	7.09592	4.34	20
3.61257	2.18214	9.20413	7.16132	4.36	20
3.64544	2.19131	9.1653	7.22702	4.38	20
3.67844	2.20044	9.12697	7.29302	4.4	20
3.71159	2.20952	9.08911	7.35932	4.42	20
3.74487	2.21858	9.05172	7.42592	4.44	20
3.77828	2.22759	9.01479	7.49282	4.46	20
3.81183	2.23657	8.97831	7.56002	4.48	20
3.84551	2.24551	8.94227	7.62752	4.5	20
3.87933	2.25442	8.90666	7.69532	4.52	20
3.91328	2.26329	8.87147	7.76342	4.54	20
3.94736	2.27213	8.8367	7.83182	4.56	20
3.98157	2.28093	8.80233	7.90052	4.58	20
4.01592	2.2897	8.76836	7.96952	4.6	20
4.05039	2.29843	8.73478	8.03882	4.62	20
4.085	2.30713	8.70159	8.10842	4.64	20
4.11974	2.3158	8.66877	8.17832	4.66	20
4.1546	2.32444	8.63632	8.24852	4.68	20
4.1896	2.33304	8.60423	8.31902	4.7	20
4.22472	2.34161	8.5725	8.38982	4.72	20
4.25998	2.35016	8.54111	8.46092	4.74	20
4.29536	2.35867	8.51007	8.53232	4.76	20
4.33086	2.36715	8.47937	8.60402	4.78	20
4.3665	2.37559	8.44899	8.67602	4.8	20
4.40226	2.38401	8.41894	8.74832	4.82	20
4.43814	2.3924	8.38921	8.82092	4.84	20
4.47416	2.40076	8.3598	8.89382	4.86	20
4.51029	2.40909	8.33069	8.96702	4.88	20
4.54655	2.4174	8.30188	9.04052	4.9	20
4.58294	2.42567	8.27337	9.11432	4.92	20
4.61945	2.43391	8.24515	9.18842	4.94	20
4.65608	2.44213	8.21722	9.26282	4.96	20
4.69283	2.45032	8.18957	9.33752	4.98	20
4.72971	2.45848	8.1622	9.41252	5	20
4.76671	2.46662	8.1351	9.48782	5.02	20
4.80383	2.47473	8.10827	9.56342	5.04	20
4.84107	2.48281	8.0817	9.63932	5.06	20
4.87844	2.49086	8.0554	9.71552	5.08	20
4.91592	2.49889	8.02935	9.79202	5.1	20
4.95352	2.5069	8.00355	9.86882	5.12	20
4.99125	2.51487	7.97799	9.94592	5.14	20
5.02909	2.52283	7.95268	10.0233	5.16	20
5.06705	2.53075	7.92762	10.101	5.18	20
5.10513	2.53866	7.90278	10.179	5.2	20
5.14333	2.54654	7.87818	10.2573	5.22	20
5.18164	2.55439	7.85381	10.3359	5.24	20
5.22008	2.56222	7.82966	10.4148	5.26	20
5.25863	2.57002	7.80574	10.494	5.28	20
5.29729	2.57781	7.78203	10.5735	5.3	20
5.33608	2.58556	7.75853	10.6533	5.32	20
5.37498	2.5933	7.73525	10.7334	5.34	20
5.41399	2.60101	7.71218	10.8138	5.36	20
5.45312	2.6087	7.68931	10.8945	5.38	20
5.49237	2.61637	7.66665	10.9755	5.4	20
5.53173	2.62401	7.64418	11.0568	5.42	20
5.5712	2.63163	7.62191	11.1384	5.44	20
5.61079	2.63923	7.59984	11.2203	5.46	20
5.65049	2.64681	7.57796	11.3025	5.48	20
5.69031	2.65437	7.55626	11.385	5.5	20
5.73024	2.6619	7.53475	11.4678	5.52	20
5.77028	2.66942	7.51342	11.5509	5.54	20
5.81043	2.67691	7.49227	11.6343	5.56	20
5.8507	2.68438	7.4713	11.718	5.58	20
5.89107	2.69183	7.45051	11.802	5.6	20
5.93156	2.69926	7.42989	11.8863	5.62	20
5.97216	2.70667	7.40944	11.9709	5.64	20
6.01287	2.71406	7.38915	12.0558	5.66	20
6.0537	2.72143	7.36904	12.141	5.68	20
6.09463	2.72878	7.34908	12.2265	5.7	20
6.13567	2.73611	7.32929	12.3123	5.72	20
6.17682	2.74342	7.30966	12.3984	5.74	20
6.21808	2.75071	7.29018	12.4848	5.76	20
6.25945	2.75798	7.27086	12.5715	5.78	20
6.30093	2.76523	7.25169	12.6585	5.8	20
6.34252	2.77246	7.23267	12.7458	5.82	20
6.38421	2.77968	7.21381	12.8334	5.84	20
6.42601	2.78687	7.19508	12.9213	5.86	20
6.46792	2.79405	7.17651	13.0095	5.88	20
6.50994	2.80121	7.15808	13.098	5.9	20
6.55207	2.80834	7.13978	13.1868	5.92	20
6.5943	2.81547	7.12163	13.2759	5.94	20
6.63664	2.82257	7.10362	13.3653	5.96	20
6.67908	2.82966	7.08574	13.455	5.98	20
6.72163	2.83672	7.068	13.545	6	20
6.76429	2.84377	7.05039	13.6353	6.02	20
6.80705	2.85081	7.03291	13.7259	6.04	20
6.84992	2.85782	7.01556	13.8168	6.06	20
6.89289	2.86482	6.99833	13.908	6.08	20
6.93597	2.8718	6.98124	13.9995	6.1	20
6.97915	2.87877	6.96427	14.0913	6.12	20
7.02244	2.88571	6.94742	14.1834	6.14	20
7.06583	2.89264	6.93069	14.2758	6.16	20
7.10932	2.89956	6.91409	14.3685	6.18	20
7.15292	2.90646	6.8976	14.4615	6.2	20
7.19662	2.91334	6.88123	14.5548	6.22	20
7.24042	2.9202	6.86498	14.6484	6.24	20
7.28433	2.92705	6.84884	14.7423	6.26	20
7.32833	2.93388	6.83281	14.8365	6.28	20
7.37244	2.9407	6.8169	14.931	6.3	20
7.41666	2.9475	6.8011	15.0258	6.32	20
7.46097	2.95429	6.78541	15.1209	6.34	20
7.50539	2.96106	6.76982	15.2163	6.36	20
7.5499	2.96781	6.75434	15.312	6.38	20
7.59452	2.97455	6.73897	15.408	6.4	20
7.63924	2.98127	6.7237	15.5043	6.42	20
7.68406	2.98798	6.70854	15.6009	6.44	20
7.72898	2.99468	6.69348	15.6978	6.46	20
7.774	3.00136	6.67852	15.795	6.48	20
7.81912	3.00802	6.66366	15.8925	6.5	20
7.86434	3.01467	6.64889	15.9903	6.52	20
7.90966	3.0213	6.63423	16.0884	6.54	20
7.95508	3.02792	6.61966	16.1868	6.56	20
8.0006	3.03453	6.60519	16.2855	6.58	20
8.04621	3.04112	6.59081	16.3845	6.6	20
8.09193	3.04769	6.57653	16.4838	6.62	20
8.13774	3.05426	6.56234	16.5834	6.64	20
8.18366	3.0608	6.54824	16.6833	6.66	20
8.22967	3.06734	6.53423	16.7835	6.68	20
8.27577	3.07386	6.52031	16.884	6.7	20
8.32198	3.08037	6.50648	16.9848	6.72	20
8.36828	3.08686	6.49274	17.0859	6.74	20
8.41468	3.09334	6.47908	17.1873	6.76	20
8.46118	3.0998	6.46551	17.289	6.78	20
8.50777	3.10625	6.45202	17.391	6.8	20
8.55446	3.11269	6.43862	17.4933	6.82	20
8.60125	3.11912	6.4253	17.5959	6.84	20
8.64813	3.12553	6.41207	17.6988	6.86	20
8.69511	3.13193	6.39891	17.802	6.88	20
8.74219	3.13832	6.38584	17.9055	6.9	20
8.78936	3.14469	6.37285	18.0093	6.92	20
8.83662	3.15105	6.35993	18.1134	6.94	20
8.88398	3.1574	6.34709	18.2178	6.96	20
8.93144	3.16373	6.33433	18.3225	6.98	20
8.97899	3.17005	6.32165	18.4275	7	20
9.02663	3.17636	6.30905	18.5328	7.02	20
9.07437	3.18266	6.29651	18.6384	7.04	20
9.12221	3.18894	6.28406	18.7443	7.06	20
9.17014	3.19521	6.27167	18.8505	7.08	20
9.21816	3.20147	6.25936	18.957	7.1	20
9.26627	3.20772	6.24713	19.0638	7.12	20
9.31448	3.21395	6.23496	19.1709	7.14	20
9.36279	3.22018	6.22286	19.2783	7.16	20
9.41118	3.22639	6.21084	19.386	7.18	20
9.45967	3.23259	6.19888	19.494	7.2	20
9.50825	3.23877	6.187	19.6023	7.22	20
9.55693	3.24495	6.17518	19.7109	7.24	20
9.60569	3.25111	6.16342	19.8198	7.26	20
9.65455	3.25726	6.15174	19.929	7.28	20
9.7035	3.2634	6.14012	20.0385	7.3	20
9.75255	3.26953	6.12857	20.1483	7.32	20
9.80168	3.27565	6.11708	20.2584	7.34	20
9.85091	3.28176	6.10566	20.3688	7.36	20
9.90023	3.28785	6.0943	20.4795	7.38	20
9.94963	3.29393	6.083	20.5905	7.4	20
9.99913	3.3	6.07177	20.7019	7.42	20
10.0487	3.30607	6.0606	20.8135	7.44	20
10.0984	3.31211	6.04949	20.9254	7.46	20
10.1482	3.31815	6.03844	21.0376	7.48	20
10.198	3.32418	6.02745	21.1501	7.5	20
10.248	3.3302	6.01652	21.2629	7.52	20
10.298	3.3362	6.00565	21.376	7.54	20
10.3482	3.3422	5.99484	21.4894	7.56	20
10.3984	3.34818	5.98409	21.6031	7.58	20
10.4487	3.35416	5.97339	21.7171	7.6	20
10.4991	3.36012	5.96275	21.8314	7.62	20
10.5496	3.36607	5.95217	21.946	7.64	20
10.6002	3.37201	5.94165	22.0609	7.66	20
10.6508	3.37794	5.93118	22.1761	7.68	20
10.7016	3.38386	5.92076	22.2916	7.7	20
10.7525	3.38977	5.9104	22.4074	7.72	20
10.8034	3.39567	5.9001	22.5235	7.74	20
10.8544	3.40156	5.88985	22.6399	7.76	20
10.9055	3.40744	5.87965	22.7566	7.78	20
10.9567	3.41331	5.8695	22.8736	7.8	20
11.008	3.41917	5.85941	22.9909	7.82	20
11.0594	3.42502	5.84937	23.1085	7.84	20
11.1108	3.43086	5.83938	23.2264	7.86	20
11.1624	3.43669	5.82944	23.3446	7.88	20
11.214	3.44251	5.81955	23.4631	7.9	20
11.2658	3.44832	5.80971	23.5819	7.92	20
11.3176	3.45412	5.79993	23.701	7.94	20
11.3695	3.45991	5.79019	23.8204	7.96	20
11.4215	3.46569	5.7805	23.9401	7.98	20
11.4735	3.47146	5.77086	24.0601	8	20
11.5257	3.47722	5.76126	24.1804	8.02	20
11.5779	3.48297	5.75172	24.301	8.04	20
11.6303	3.48872	5.74222	24.4219	8.06	20
11.6827	3.49445	5.73277	24.5431	8.08	20
11.7352	3.50017	5.72336	24.6646	8.1	20
11.7878	3.50589	5.714	24.7864	8.12	20
11.8404	3.51159	5.70469	24.9085	8.14	20
11.8932	3.51729	5.69542	25.0309	8.16	20
11.946	3.52297	5.6862	25.1536	8.18	20
11.999	3.52865	5.67702	25.2766	8.2	20
12.052	3.53432	5.66789	25.3999	8.22	20
12.1051	3.53998	5.6588	25.5235	8.24	20
12.1583	3.54563	5.64975	25.6475	8.26	20
12.2115	3.55127	5.64075	25.7717	8.28	20
12.2649	3.5569	5.63179	25.8962	8.3	20
12.3183	3.56252	5.62287	26.021	8.32	20
12.3719	3.56814	5.614	26.1461	8.34	20
12.4255	3.57374	5.60517	26.2715	8.36	20
12.4792	3.57934	5.59638	26.3972	8.38	20
12.5329	3.58493	5.58763	26.5232	8.4	20
12.5868	3.5905	5.57892	26.6495	8.42	20
12.6407	3.59607	5.57025	26.7761	8.44	20
12.6947	3.60164	5.56162	26.903	8.46	20
12.7489	3.60719	5.55303	27.0302	8.48	20
12.803	3.61273	5.54448	27.1577	8.5	20
12.8573	3.61827	5.53597	27.2855	8.52	20
12.9117	3.6238	5.5275	27.4136	8.54	20
12.9661	3.62932	5.51907	27.542	8.56	20
13.0206	3.63483	5.51068	27.6708	8.58	20
13.0752	3.64033	5.50233	27.7998	8.6	20
13.1299	3.64582	5.49401	27.9291	8.62	20
13.1847	3.65131	5.48573	28.0587	8.64	20
13.2396	3.65679	5.47749	28.1886	8.66	20
13.2945	3.66226	5.46928	28.3188	8.68	20
13.3495	3.66772	5.46112	28.4493	8.7	20
13.4046	3.67317	5.45298	28.5801	8.72	20
13.4598	3.67861	5.44489	28.7112	8.74	20
13.515	3.68405	5.43683	28.8426	8.76	20
13.5704	3.68948	5.42881	28.9743	8.78	20
13.6258	3.6949	5.42082	29.1063	8.8	20
13.6813	3.70031	5.41287	29.2386	8.82	20
13.7369	3.70572	5.40495	29.3712	8.84	20
13.7926	3.71112	5.39706	29.5041	8.86	20
13.8483	3.71651	5.38921	29.6373	8.88	20
13.9041	3.72189	5.3814	29.7709	8.9	20
13.96	3.72726	5.37362	29.9047	8.92	20
14.016	3.73263	5.36587	30.0388	8.94	20
14.0721	3.73798	5.35816	30.1732	8.96	20
14.1283	3.74333	5.35048	30.3079	8.98	20
14.1845	3.74868	5.34283	30.4429	9	20
14.2408	3.75401	5.33522	30.5782	9.02	20
14.2972	3.75934	5.32763	30.7138	9.04	20
14.3537	3.76466	5.32008	30.8497	9.06	20
14.4102	3.76997	5.31256	30.9859	9.08	20
14.4668	3.77528	5.30508	31.1224	9.1	20
14.5235	3.78058	5.29762	31.2592	9.12	20
14.5803	3.78587	5.2902	31.3963	9.14	20
14.6372	3.79115	5.28281	31.5337	9.16	20
14.6941	3.79642	5.27545	31.6714	9.18	20
14.7512	3.80169	5.26812	31.8094	9.2	20
14.8083	3.80695	5.26082	31.9477	9.22	20
14.8655	3.81221	5.25354	32.0863	9.24	20
14.9227	3.81745	5.2463	32.2253	9.26	20
14.9801	3.82269	5.2391	32.3644	9.28	20
15.0375	3.82792	5.23191	32.504	9.3	20
15.095	3.83315	5.22476	32.6438	9.32	20
15.1526	3.83837	5.21764	32.7839	9.34	20
15.2102	3.84358	5.21055	32.9243	9.36	20
15.2679	3.84878	5.20349	33.0649	9.38	20
15.3257	3.85398	5.19645	33.2059	9.4	20
15.3836	3.85917	5.18945	33.3473	9.42	20
15.4416	3.86435	5.18247	33.4889	9.44	20
15.4996	3.86952	5.17552	33.6308	9.46	20
15.5578	3.87469	5.16859	33.773	9.48	20
15.616	3.87985	5.1617	33.9155	9.5	20
15.6742	3.88501	5.15483	34.0583	9.52	20
15.7326	3.89016	5.14799	34.2014	9.54	20
15.791	3.8953	5.14118	34.3448	9.56	20
15.8495	3.90043	5.13439	34.4885	9.58	20
15.9081	3.90556	5.12764	34.6325	9.6	20
15.9668	3.91068	5.1209	34.7768	9.62	20
16.0255	3.9158	5.1142	34.9214	9.64	20
16.0843	3.9209	5.10752	35.0663	9.66	20
16.1432	3.926	5.10087	35.2115	9.68	20
16.2022	3.9311	5.09424	35.357	9.7	20
16.2612	3.93619	5.08764	35.5028	9.72	20
16.3203	3.94127	5.08106	35.6489	9.74	20
16.3795	3.94634	5.07451	35.7953	9.76	20
16.4388	3.95141	5.06799	35.942	9.78	20
16.4981	3.95647	5.06148	36.089	9.8	20
16.5576	3.96153	5.05501	36.2363	9.82	20
16.6171	3.96657	5.04856	36.3839	9.84	20
16.6766	3.97162	5.04213	36.5318	9.86	20
16.7363	3.97665	5.03573	36.68	9.88	20
16.796	3.98168	5.02936	36.8285	9.9	20
16.8558	3.9867	5.023	36.9773	9.92	20
16.9157	3.99172	5.01667	37.1264	9.94	20
16.9756	3.99673	5.01037	37.2758	9.96	20
17.0357	4.00174	5.00409	37.4255	9.98	20
17.0958	4.00673	4.99783	37.5755	10	20
17.1559	4.01173	4.9916	37.7258	10.02	20
17.2162	4.01671	4.98539	37.8764	10.04	20
17.2765	4.02169	4.9792	38.0273	10.06	20
17.3369	4.02666	4.97303	38.1785	10.08	20
17.3974	4.03163	4.96689	38.33	10.1	20
17.4579	4.03659	4.96077	38.4818	10.12	20
17.5186	4.04155	4.95468	38.6339	10.14	20
17.5793	4.04649	4.9486	38.7863	10.16	20
17.64	4.05144	4.94255	38.939	10.18	20
17.7009	4.05637	4.93652	39.092	10.2	20
17.7618	4.0613	4.93051	39.2453	10.22	20
17.8228	4.06623	4.92453	39.3989	10.24	20
17.8839	4.07115	4.91856	39.5528	10.26	20
17.945	4.07606	4.91262	39.707	10.28	20
18.0062	4.08097	4.9067	39.8615	10.3	20
18.0675	4.08587	4.9008	40.0163	10.32	20
18.1289	4.09076	4.89492	40.1714	10.34	20
18.1903	4.09565	4.88907	40.3268	10.36	20
18.2518	4.10053	4.88323	40.4825	10.38	20
18.3134	4.10541	4.87741	40.6385	10.4	20
18.375	4.11028	4.87162	40.7948	10.42	20
18.4368	4.11515	4.86585	40.9514	10.44	20
18.4986	4.12001	4.86009	41.1083	10.46	20
18.5604	4.12486	4.85436	41.2655	10.48	20
18.6224	4.12971	4.84865	41.423	10.5	20
18.6844	4.13455	4.84295	41.5808	10.52	20
18.7465	4.13939	4.83728	41.7389	10.54	20
18.8087	4.14422	4.83163	41.8973	10.56	20
18.8709	4.14905	4.82599	42.056	10.58	20
18.9332	4.15387	4.82038	42.215	10.6	20
18.9956	4.15868	4.81479	42.3743	10.62	20
19.058	4.16349	4.80921	42.5339	10.64	20
19.1206	4.1683	4.80366	42.6938	10.66	20
19.1832	4.1731	4.79812	42.854	10.68	20
19.2458	4.17789	4.7926	43.0145	10.7	20
19.3086	4.18268	4.78711	43.1753	10.72	20
19.3714	4.18746	4.78163	43.3364	10.74	20
19.4343	4.19223	4.77617	43.4978	10.76	20
19.4972	4.197	4.77073	43.6595	10.78	20
19.5602	4.20177	4.7653	43.8215	10.8	20
19.6233	4.20653	4.7599	43.9838	10.82	20
19.6865	4.21128	4.75451	44.1464	10.84	20
19.7498	4.21603	4.74915	44.3093	10.86	20
19.8131	4.22078	4.7438	44.4725	10.88	20
19.8764	4.22552	4.73846	44.636	10.9	20
19.9399	4.23025	4.73315	44.7998	10.92	20
20.0034	4.23498	4.72785	44.9639	10.94	20
20.067	4.2397	4.72258	45.1283	10.96	20
20.1307	4.24442	4.71732	45.293	10.98	20
20.1944	4.24913	4.71207	45.458	11	20
20.2582	4.25384	4.70685	45.6233	11.02	20
20.3221	4.25854	4.70164	45.7889	11.04	20
20.3861	4.26323	4.69645	45.9548	11.06	20
20.4501	4.26792	4.69128	46.121	11.08	20
20.5142	4.27261	4.68612	46.2875	11.1	20
20.5783	4.27729	4.68098	46.4543	11.12	20
20.6426	4.28197	4.67586	46.6214	11.14	20
20.7069	4.28664	4.67075	46.7888	11.16	20
20.7712	4.2913	4.66566	46.9565	11.18	20
20.8357	4.29596	4.66059	47.1245	11.2	20
20.9002	4.30062	4.65553	47.2928	11.22	20
20.9648	4.30527	4.65049	47.4614	11.24	20
21.0294	4.30992	4.64547	47.6303	11.26	20
21.0941	4.31456	4.64046	47.7995	11.28	20
21.1589	4.31919	4.63547	47.969	11.3	20
21.2238	4.32382	4.6305	48.1388	11.32	20
21.2887	4.32845	4.62554	48.3089	11.34	20
21.3537	4.33307	4.62059	48.4793	11.36	20
21.4188	4.33768	4.61567	48.65	11.38	20
21.4839	4.34229	4.61076	48.821	11.4	20
21.5491	4.3469	4.60586	48.9923	11.42	20
21.6144	4.3515	4.60098	49.1639	11.44	20
21.6797	4.3561	4.59611	49.3358	11.46	20
21.7451	4.36069	4.59127	49.508	11.48	20
21.8106	4.36528	4.58643	49.6805	11.5	20
21.8761	4.36986	4.58161	49.8533	11.52	20
21.9418	4.37443	4.57681	50.0264	11.54	20
22.0074	4.37901	4.57202	50.1998	11.56	20
22.0732	4.38357	4.56725	50.3735	11.58	20
22.139	4.38814	4.56249	50.5475	11.6	20
22.2049	4.39269	4.55774	50.7218	11.62	20
22.2709	4.39725	4.55302	50.8963	11.64	20
22.3369	4.40179	4.5483	51.0713	11.66	20
22.403	4.40634	4.5436	51.2465	11.68	20
22.4692	4.41088	4.53892	51.422	11.7	20
22.5354	4.41541	4.53425	51.5978	11.72	20
22.6017	4.41994	4.52959	51.7738	11.74	20
22.668	4.42447	4.52495	51.9502	11.76	20
22.7345	4.42899	4.52032	52.1269	11.78	20
22.801	4.4335	4.51571	52.3039	11.8	20
22.8676	4.43801	4.51111	52.4812	11.82	20
22.9342	4.44252	4.50652	52.6588	11.84	20
23.0009	4.44702	4.50195	52.8367	11.86	20
23.0677	4.45152	4.49739	53.0149	11.88	20
23.1345	4.45601	4.49285	53.1934	11.9	20
23.2014	4.4605	4.48832	53.3722	11.92	20
23.2684	4.46498	4.4838	53.5513	11.94	20
23.3354	4.46946	4.4793	53.7307	11.96	20
23.4025	4.47394	4.47481	53.9104	11.98	20
23.4697	4.47841	4.47033	54.0904	12	20
23.537	4.48287	4.46587	54.2707	12.02	20
23.6043	4.48734	4.46142	54.4513	12.04	20
23.6716	4.49179	4.45699	54.6322	12.06	20
23.7391	4.49625	4.45257	54.8134	12.08	20
23.8066	4.50069	4.44816	54.9949	12.1	20
23.8742	4.50514	4.44376	55.1767	12.12	20
23.9418	4.50958	4.43938	55.3588	12.14	20
24.0095	4.51401	4.43501	55.5412	12.16	20
24.0773	4.51844	4.43065	55.7239	12.18	20
24.1452	4.52287	4.4263	55.9069	12.2	20
24.2131	4.52729	4.42197	56.0902	12.22	20
24.281	4.53171	4.41765	56.2738	12.24	20
24.3491	4.53612	4.41335	56.4577	12.26	20
24.4172	4.54053	4.40905	56.6419	12.28	20
24.4854	4.54494	4.40477	56.8264	12.3	20
24.5536	4.54934	4.4005	57.0112	12.32	20
24.6219	4.55373	4.39625	57.1963	12.34	20
24.6903	4.55812	4.392	57.3817	12.36	20
24.7587	4.56251	4.38777	57.5674	12.38	20
24.8272	4.5669	4.38355	57.7534	12.4	20
24.8958	4.57127	4.37934	57.9397	12.42	20
24.9644	4.57565	4.37515	58.1263	12.44	20
25.0331	4.58002	4.37096	58.3132	12.46	20
25.1019	4.58439	4.36679	58.5004	12.48	20
25.1707	4.58875	4.36263	58.6879	12.5	20
25.2396	4.59311	4.35849	58.8757	12.52	20
25.3086	4.59746	4.35435	59.0638	12.54	20
25.3776	4.60181	4.35022	59.2522	12.56	20
25.4467	4.60616	4.34611	59.4409	12.58	20
25.5159	4.6105	4.34201	59.6299	12.6	20
25.5851	4.61484	4.33792	59.8192	12.62	20
25.6544	4.61917	4.33385	60.0088	12.64	20
25.7237	4.6235	4.32978	60.1987	12.66	20
25.7931	4.62783	4.32572	60.3889	12.68	20
25.8626	4.63215	4.32168	60.5794	12.7	20
25.9322	4.63647	4.31765	60.7702	12.72	20
26.0018	4.64078	4.31363	60.9613	12.74	20
26.0715	4.64509	4.30962	61.1527	12.76	20
26.1412	4.6494	4.30562	61.3444	12.78	20
26.211	4.6537	4.30163	61.5364	12.8	20
26.2809	4.658	4.29766	61.7287	12.82	20
26.3508	4.66229	4.29369	61.9213	12.84	20
26.4208	4.66658	4.28974	62.1142	12.86	20
26.4909	4.67087	4.28579	62.3074	12.88	20
26.561	4.67515	4.28186	62.5009	12.9	20
26.6312	4.67943	4.27794	62.6947	12.92	20
26.7014	4.6837	4.27403	62.8888	12.94	20
26.7718	4.68797	4.27013	63.0832	12.96	20
26.8421	4.69224	4.26624	63.2779	12.98	20
26.9126	4.6965	4.26236	63.4729	13	20
26.9831	4.70076	4.25849	63.6682	13.02	20
27.0537	4.70501	4.25463	63.8638	13.04	20
27.1243	4.70926	4.25079	64.0597	13.06	20
27.195	4.71351	4.24695	64.2559	13.08	20
27.2658	4.71775	4.24312	64.4524	13.1	20
27.3366	4.72199	4.23931	64.6492	13.12	20
27.4075	4.72623	4.2355	64.8463	13.14	20
27.4785	4.73046	4.23171	65.0437	13.16	20
27.5495	4.73469	4.22792	65.2414	13.18	20
27.6206	4.73891	4.22414	65.4394	13.2	20
27.6917	4.74313	4.22038	65.6377	13.22	20
27.7629	4.74735	4.21662	65.8363	13.24	20
27.8342	4.75156	4.21288	66.0352	13.26	20
27.9055	4.75577	4.20914	66.2344	13.28	20
27.9769	4.75998	4.20542	66.4339	13.3	20
28.0484	4.76418	4.2017	66.6337	13.32	20
28.1199	4.76837	4.198	66.8338	13.34	20
28.1915	4.77257	4.1943	67.0342	13.36	20
28.2632	4.77676	4.19062	67.2349	13.38	20
28.3349	4.78095	4.18694	67.4359	13.4	20
28.4066	4.78513	4.18327	67.6372	13.42	20
28.4785	4.78931	4.17961	67.8388	13.44	20
28.5504	4.79349	4.17597	68.0407	13.46	20
28.6224	4.79766	4.17233	68.2429	13.48	20
28.6944	4.80183	4.1687	68.4454	13.5	20
28.7665	4.80599	4.16508	68.6482	13.52	20
28.8386	4.81015	4.16147	68.8513	13.54	20
28.9108	4.81431	4.15787	69.0546	13.56	20
28.9831	4.81847	4.15428	69.2584	13.58	20
29.0555	4.82262	4.1507	69.4623	13.6	20
29.1279	4.82676	4.14713	69.6666	13.62	20
29.2003	4.83091	4.14356	69.8712	13.64	20
29.2728	4.83505	4.14001	70.0761	13.66	20
29.3454	4.83918	4.13646	70.2813	13.68	20
29.4181	4.84332	4.13293	70.4868	13.7	20
29.4908	4.84745	4.1294	70.6926	13.72	20
29.5636	4.85157	4.12588	70.8987	13.74	20
29.6364	4.85569	4.12238	71.1051	13.76	20
29.7093	4.85981	4.11888	71.3118	13.78	20
29.7823	4.86393	4.11539	71.5188	13.8	20
29.8553	4.86804	4.1119	71.7261	13.82	20
29.9284	4.87215	4.10843	71.9337	13.84	20
30.0015	4.87625	4.10497	72.1416	13.86	20
30.0747	4.88035	4.10151	72.3498	13.88	20
30.148	4.88445	4.09806	72.5583	13.9	20
30.2213	4.88855	4.09462	72.7671	13.92	20
30.2947	4.89264	4.09119	72.9762	13.94	20
30.3681	4.89673	4.08777	73.1856	13.96	20
30.4417	4.90081	4.08436	73.3953	13.98	20
30.5152	4.90489	4.08096	73.6053	14	20
30.5889	4.90897	4.07756	73.8156	14.02	20
30.6626	4.91304	4.07417	74.0262	14.04	20
30.7363	4.91711	4.0708	74.2371	14.06	20
30.8101	4.92118	4.06743	74.4483	14.08	20
30.884	4.92525	4.06406	74.6598	14.1	20
30.958	4.92931	4.06071	74.8716	14.12	20
31.032	4.93336	4.05737	75.0837	14.14	20
31.106	4.93742	4.05403	75.2961	14.16	20
31.1801	4.94147	4.0507	75.5088	14.18	20
31.2543	4.94552	4.04738	75.7218	14.2	20
31.3286	4.94956	4.04407	75.9351	14.22	20
31.4029	4.9536	4.04076	76.1487	14.24	20
31.4772	4.95764	4.03747	76.3626	14.26	20
31.5517	4.96167	4.03418	76.5768	14.28	20
31.6261	4.9657	4.0309	76.7913	14.3	20
31.7007	4.96973	4.02763	77.0061	14.32	20
31.7753	4.97376	4.02436	77.2212	14.34	20
31.85	4.97778	4.02111	77.4366	14.36	20
31.9247	4.98179	4.01786	77.6523	14.38	20
31.9995	4.98581	4.01462	77.8683	14.4	20
32.0743	4.98982	4.01139	78.0846	14.42	20
32.1492	4.99383	4.00816	78.3012	14.44	20
32.2242	4.99783	4.00494	78.5181	14.46	20
32.2992	5.00184	4.00173	78.7353	14.48	20
32.3743	5.00583	3.99853	78.9528	14.5	20
32.4495	5.00983	3.99534	79.1706	14.52	20
32.5247	5.01382	3.99215	79.3887	14.54	20
32.5999	5.01781	3.98897	79.607	14.56	20
32.6753	5.0218	3.9858	79.8258	14.58	20
32.7506	5.02578	3.98264	80.0447	14.6	20
32.8261	5.02976	3.97948	80.264	14.62	20
32.9016	5.03373	3.97633	80.4836	14.64	20
32.9772	5.03771	3.97319	80.7035	14.66	20
33.0528	5.04168	3.97006	80.9237	14.68	20
33.1285	5.04564	3.96693	81.1442	14.7	20
33.2042	5.04961	3.96381	81.365	14.72	20
33.28	5.05357	3.9607	81.5861	14.74	20
33.3559	5.05753	3.9576	81.8075	14.76	20
33.4318	5.06148	3.9545	82.0292	14.78	20
33.5078	5.06543	3.95141	82.2512	14.8	20
33.5838	5.06938	3.94833	82.4735	14.82	20
33.6599	5.07333	3.94526	82.6961	14.84	20
33.7361	5.07727	3.94219	82.919	14.86	20
33.8123	5.08121	3.93913	83.1422	14.88	20
33.8886	5.08514	3.93607	83.3657	14.9	20
33.9649	5.08908	3.93303	83.5895	14.92	20
34.0413	5.09301	3.92999	83.8136	14.94	20
34.1178	5.09693	3.92695	84.038	14.96	20
34.1943	5.10086	3.92393	84.2627	14.98	20
34.2708	5.10478	3.92091	84.4877	15	20
34.3475	5.1087	3.9179	84.713	15.02	20
34.4242	5.11261	3.91489	84.9386	15.04	20
34.5009	5.11652	3.9119	85.1645	15.06	20
34.5777	5.12043	3.9089	85.3907	15.08	20
34.6546	5.12434	3.90592	85.6172	15.1	20
34.7315	5.12824	3.90294	85.844	15.12	20
34.8085	5.13214	3.89997	86.0711	15.14	20
34.8855	5.13604	3.89701	86.2985	15.16	20
34.9626	5.13993	3.89405	86.5262	15.18	20
35.0398	5.14382	3.8911	86.7542	15.2	20
35.117	5.14771	3.88816	86.9825	15.22	20
35.1943	5.1516	3.88522	87.2111	15.24	20
35.2716	5.15548	3.88229	87.44	15.26	20
35.349	5.15936	3.87937	87.6692	15.28	20
35.4264	5.16323	3.87645	87.8986	15.3	20
35.504	5.16711	3.87354	88.1284	15.32	20
35.5815	5.17098	3.87064	88.3585	15.34	20
35.6591	5.17485	3.86774	88.5889	15.36	20
35.7368	5.17871	3.86485	88.8196	15.38	20
35.8146	5.18257	3.86196	89.0506	15.4	20
35.8924	5.18643	3.85909	89.2819	15.42	20
35.9702	5.19029	3.85622	89.5135	15.44	20
36.0481	5.19414	3.85335	89.7454	15.46	20
36.1261	5.19799	3.85049	89.9776	15.48	20
36.2041	5.20184	3.84764	90.2101	15.5	20
36.2822	5.20568	3.84479	90.4429	15.52	20
36.3603	5.20953	3.84195	90.676	15.54	20
36.4385	5.21337	3.83912	90.9094	15.56	20
36.5168	5.2172	3.83629	91.1431	15.58	20
36.5951	5.22104	3.83347	91.3771	15.6	20
36.6735	5.22487	3.83066	91.6114	15.62	20
36.7519	5.22869	3.82785	91.846	15.64	20
36.8304	5.23252	3.82505	92.0809	15.66	20
36.909	5.23634	3.82225	92.3161	15.68	20
36.9876	5.24016	3.81946	92.5516	15.7	20
37.0662	5.24398	3.81668	92.7874	15.72	20
37.1449	5.24779	3.8139	93.0235	15.74	20
37.2237	5.2516	3.81113	93.2599	15.76	20
37.3025	5.25541	3.80836	93.4966	15.78	20
37.3814	5.25922	3.8056	93.7336	15.8	20
37.4604	5.26302	3.80285	93.9709	15.82	20
37.5394	5.26682	3.8001	94.2085	15.84	20
37.6184	5.27062	3.79736	94.4464	15.86	20
37.6975	5.27441	3.79462	94.6846	15.88	20
37.7767	5.2782	3.79189	94.9231	15.9	20
37.856	5.28199	3.78917	95.1618	15.92	20
37.9352	5.28578	3.78645	95.4009	15.94	20
38.0146	5.28956	3.78374	95.6403	15.96	20
38.094	5.29334	3.78103	95.88	15.98	20
38.1734	5.29712	3.77833	96.12	16	20
38.253	5.3009	3.77564	96.3603	16.02	20
38.3325	5.30467	3.77295	96.6009	16.04	20
38.4121	5.30844	3.77026	96.8418	16.06	20
38.4918	5.31221	3.76758	97.083	16.08	20
38.5716	5.31597	3.76491	97.3245	16.1	20
38.6514	5.31974	3.76225	97.5663	16.12	20
38.7312	5.3235	3.75959	97.8084	16.14	20
38.8111	5.32725	3.75693	98.0508	16.16	20
38.8911	5.33101	3.75428	98.2935	16.18	20
38.9711	5.33476	3.75164	98.5365	16.2	20
39.0512	5.33851	3.749	98.7798	16.22	20
39.1313	5.34225	3.74637	99.0234	16.24	20
39.2115	5.346	3.74374	99.2673	16.26	20
39.2918	5.34974	3.74112	99.5115	16.28	20
39.3721	5.35348	3.7385	99.756	16.3	20
39.4524	5.35721	3.73589	100.001	16.32	20
39.5328	5.36095	3.73328	100.246	16.34	20
39.6133	5.36468	3.73068	100.491	16.36	20
39.6938	5.3684	3.72809	100.737	16.38	20
39.7744	5.37213	3.7255	100.983	16.4	20
39.855	5.37585	3.72292	101.229	16.42	20
39.9357	5.37957	3.72034	101.476	16.44	20
40.0165	5.38329	3.71777	101.723	16.46	20
40.0973	5.38701	3.7152	101.97	16.48	20
40.1782	5.39072	3.71264	102.217	16.5	20
40.2591	5.39443	3.71008	102.465	16.52	20
40.34	5.39814	3.70753	102.713	16.54	20
40.4211	5.40184	3.70498	102.962	16.56	20
40.5022	5.40554	3.70244	103.21	16.58	20
40.5833	5.40924	3.6999	103.459	16.6	20
40.6645	5.41294	3.69737	103.709	16.62	20
40.7457	5.41664	3.69485	103.958	16.64	20
40.827	5.42033	3.69233	104.208	16.66	20
40.9084	5.42402	3.68981	104.458	16.68	20
40.9898	5.42771	3.6873	104.709	16.7	20
41.0713	5.43139	3.6848	104.96	16.72	20
41.1528	5.43507	3.6823	105.211	16.74	20
41.2344	5.43875	3.6798	105.462	16.76	20
41.316	5.44243	3.67731	105.714	16.78	20
41.3977	5.4461	3.67483	105.966	16.8	20
41.4795	5.44978	3.67235	106.218	16.82	20
41.5613	5.45345	3.66987	106.471	16.84	20
41.6431	5.45711	3.66741	106.724	16.86	20
41.725	5.46078	3.66494	106.977	16.88	20
41.807	5.46444	3.66248	107.23	16.9	20
41.889	5.4681	3.66003	107.484	16.92	20
41.9711	5.47176	3.65758	107.738	16.94	20
42.0532	5.47541	3.65513	107.993	16.96	20
42.1354	5.47907	3.65269	108.247	16.98	20
42.2177	5.48272	3.65026	108.502	17	20
42.3	5.48637	3.64783	108.758	17.02	20
42.3823	5.49001	3.6454	109.013	17.04	20
42.4647	5.49365	3.64298	109.269	17.06	20
42.5472	5.49729	3.64056	109.525	17.08	20
42.6297	5.50093	3.63815	109.782	17.1	20
42.7123	5.50457	3.63575	110.039	17.12	20
42.7949	5.5082	3.63335	110.296	17.14	20
42.8776	5.51183	3.63095	110.553	17.16	20
42.9603	5.51546	3.62856	110.811	17.18	20
43.0431	5.51909	3.62617	111.069	17.2	20
43.1259	5.52271	3.62379	111.327	17.22	20
43.2088	5.52633	3.62141	111.586	17.24	20
43.2918	5.52995	3.61904	111.845	17.26	20
43.3748	5.53357	3.61667	112.104	17.28	20
43.4578	5.53718	3.6143	112.363	17.3	20
43.5409	5.54079	3.61195	112.623	17.32	20
43.6241	5.5444	3.60959	112.883	17.34	20
43.7073	5.54801	3.60724	113.144	17.36	20
43.7906	5.55162	3.6049	113.404	17.38	20
43.8739	5.55522	3.60255	113.665	17.4	20
43.9573	5.55882	3.60022	113.927	17.42	20
44.0407	5.56242	3.59789	114.188	17.44	20
44.1242	5.56601	3.59556	114.45	17.46	20
44.2078	5.56961	3.59324	114.712	17.48	20
44.2914	5.5732	3.59092	114.975	17.5	20
44.375	5.57679	3.5886	115.237	17.52	20
44.4587	5.58037	3.5863	115.501	17.54	20
44.5425	5.58396	3.58399	115.764	17.56	20
44.6263	5.58754	3.58169	116.028	17.58	20
44.7102	5.59112	3.57939	116.292	17.6	20
44.7941	5.59469	3.5771	116.556	17.62	20
44.8781	5.59827	3.57482	116.821	17.64	20
44.9621	5.60184	3.57253	117.085	17.66	20
45.0462	5.60541	3.57025	117.351	17.68	20
45.1303	5.60898	3.56798	117.616	17.7	20
45.2145	5.61254	3.56571	117.882	17.72	20
45.2987	5.61611	3.56345	118.148	17.74	20
45.383	5.61967	3.56118	118.414	17.76	20
45.4674	5.62323	3.55893	118.681	17.78	20
45.5518	5.62679	3.55668	118.948	17.8	20
45.6362	5.63034	3.55443	119.215	17.82	20
45.7207	5.63389	3.55218	119.483	17.84	20
45.8053	5.63744	3.54994	119.751	17.86	20
45.8899	5.64099	3.54771	120.019	17.88	20
45.9746	5.64453	3.54548	120.288	17.9	20
46.0593	5.64808	3.54325	120.556	17.92	20
46.1441	5.65162	3.54103	120.825	17.94	20
46.2289	5.65516	3.53881	121.095	17.96	20
46.3138	5.65869	3.53659	121.365	17.98	20
46.3987	5.66223	3.53438	121.635	18	20
46.4837	5.66576	3.53218	121.905	18.02	20
46.5687	5.66929	3.52998	122.175	18.04	20
46.6538	5.67282	3.52778	122.446	18.06	20
46.739	5.67634	3.52558	122.718	18.08	20
46.8242	5.67987	3.52339	122.989	18.1	20
46.9094	5.68339	3.52121	123.261	18.12	20
46.9947	5.68691	3.51903	123.533	18.14	20
47.0801	5.69042	3.51685	123.805	18.16	20
47.1655	5.69394	3.51468	124.078	18.18	20
47.251	5.69745	3.51251	124.351	18.2	20
47.3365	5.70096	3.51034	124.624	18.22	20
47.422	5.70447	3.50818	124.898	18.24	20
47.5077	5.70798	3.50602	125.172	18.26	20
47.5933	5.71148	3.50387	125.446	18.28	20
47.679	5.71498	3.50172	125.72	18.3	20
47.7648	5.71848	3.49957	125.995	18.32	20
47.8507	5.72198	3.49743	126.27	18.34	20
47.9365	5.72547	3.49529	126.546	18.36	20
48.0225	5.72897	3.49316	126.821	18.38	20
48.1085	5.73246	3.49103	127.097	18.4	20
48.1945	5.73595	3.4889	127.374	18.42	20
48.2806	5.73943	3.48678	127.65	18.44	20
48.3667	5.74292	3.48466	127.927	18.46	20
48.4529	5.7464	3.48255	128.204	18.48	20
48.5392	5.74988	3.48044	128.482	18.5	20
48.6255	5.75336	3.47833	128.76	18.52	20
48.7118	5.75684	3.47623	129.038	18.54	20
48.7982	5.76031	3.47413	129.316	18.56	20
48.8847	5.76378	3.47203	129.595	18.58	20
48.9712	5.76725	3.46994	129.874	18.6	20
49.0578	5.77072	3.46786	130.153	18.62	20
49.1444	5.77419	3.46577	130.433	18.64	20
49.231	5.77765	3.46369	130.713	18.66	20
49.3178	5.78111	3.46162	130.993	18.68	20
49.4045	5.78457	3.45954	131.273	18.7	20
49.4913	5.78803	3.45747	131.554	18.72	20
49.5782	5.79148	3.45541	131.835	18.74	20
49.6651	5.79494	3.45335	132.117	18.76	20
49.7521	5.79839	3.45129	132.398	18.78	20
49.8391	5.80184	3.44923	132.68	18.8	20
49.9262	5.80529	3.44718	132.963	18.82	20
50.0133	5.80873	3.44514	133.245	18.84	20
50.1005	5.81217	3.44309	133.528	18.86	20
50.1878	5.81561	3.44105	133.811	18.88	20
50.2751	5.81905	3.43902	134.095	18.9	20
50.3624	5.82249	3.43699	134.379	18.92	20
50.4498	5.82593	3.43496	134.663	18.94	20
50.5372	5.82936	3.43293	134.947	18.96	20
50.6247	5.83279	3.43091	135.232	18.98	20
50.7123	5.83622	3.42889	135.517	19	20
50.7998	5.83964	3.42688	135.802	19.02	20
50.8875	5.84307	3.42487	136.088	19.04	20
50.9752	5.84649	3.42286	136.373	19.06	20
51.0629	5.84991	3.42085	136.66	19.08	20
51.1507	5.85333	3.41885	136.946	19.1	20
51.2386	5.85675	3.41686	137.233	19.12	20
51.3265	5.86016	3.41486	137.52	19.14	20
51.4144	5.86358	3.41287	137.807	19.16	20
51.5024	5.86699	3.41089	138.095	19.18	20
51.5905	5.8704	3.4089	138.383	19.2	20
51.6786	5.8738	3.40692	138.671	19.22	20
51.7668	5.87721	3.40495	138.96	19.24	20
51.855	5.88061	3.40298	139.249	19.26	20
51.9432	5.88401	3.40101	139.538	19.28	20
52.0315	5.88741	3.39904	139.828	19.3	20
52.1199	5.89081	3.39708	140.117	19.32	20
52.2083	5.8942	3.39512	140.407	19.34	20
52.2968	5.8976	3.39316	140.698	19.36	20
52.3853	5.90099	3.39121	140.989	19.38	20
52.4739	5.90438	3.38926	141.28	19.4	20
52.5625	5.90776	3.38732	141.571	19.42	20
52.6511	5.91115	3.38538	141.862	19.44	20
52.7399	5.91453	3.38344	142.154	19.46	20
52.8286	5.91792	3.3815	142.447	19.48	20
52.9175	5.92129	3.37957	142.739	19.5	20
53.0063	5.92467	3.37764	143.032	19.52	20
53.0952	5.92805	3.37571	143.325	19.54	20
53.1842	5.93142	3.37379	143.618	19.56	20
53.2732	5.93479	3.37187	143.912	19.58	20
53.3623	5.93816	3.36996	144.206	19.6	20
53.4514	5.94153	3.36804	144.5	19.62	20
53.5406	5.9449	3.36614	144.795	19.64	20
53.6298	5.94826	3.36423	145.09	19.66	20
53.7191	5.95162	3.36233	145.385	19.68	20
53.8084	5.95498	3.36043	145.68	19.7	20
53.8978	5.95834	3.35853	145.976	19.72	20
53.9872	5.9617	3.35664	146.272	19.74	20
54.0767	5.96505	3.35475	146.569	19.76	20
54.1662	5.96841	3.35286	146.865	19.78	20
54.2558	5.97176	3.35098	147.162	19.8	20
54.3454	5.97511	3.3491	147.46	19.82	20
54.4351	5.97845	3.34722	147.757	19.84	20
54.5248	5.9818	3.34535	148.055	19.86	20
54.6146	5.98514	3.34348	148.353	19.88	20
54.7044	5.98849	3.34161	148.652	19.9	20
54.7943	5.99183	3.33974	148.951	19.92	20
54.8842	5.99516	3.33788	149.25	19.94	20
54.9742	5.9985	3.33602	149.549	19.96	20
55.0642	6.00183	3.33417	149.849	19.98	20
55.1543	6.00517	3.33232	150.149	20	20
